美国,B07NW4PS1R,2,Wed-Apr-17-16:59:58-2019
德国,B00KX6GC3U,7,Wed-Apr-17-17:04:08-2019
法国,B01F3PZVHI,4,Wed-Apr-17-17:08:16-2019
美国,B07NKZH1KL,1,Thu-Apr-18-15:56:49-2019
美国,B07NKZH1KL,1,Thu-Apr-18-15:59:43-2019
美国,B07NKZH1KL,1,Thu-Apr-18-16:05:14-2019
法国,B01NCX0RMF,3,Thu-Apr-18-16:06:40-2019
法国,B01NCX0RMF,3,Thu-Apr-18-16:08:33-2019
加拿大,B010B8S0G6,4,Thu-Apr-18-16:11:41-2019
加拿大,B010B8S0G6,4,Thu-Apr-18-16:14:10-2019
英国,B0039YOI70,3,Thu-Apr-18-17:12:41-2019
美国,B07K387Y7K,1,Thu-Apr-18-17:49:53-2019
美国,B07K387Y7K,1,Thu-Apr-18-17:52:57-2019
美国,B07K387Y7K,1,Thu-Apr-18-17:58:08-2019
